,m,ncoeff,n,sparsity,seed,maxscc,guess,timeMINFAS,MINFAS,timetearpart,mintearpart,timetearfull,mintearfull,timescc,minscc,density
0,10,0.1,11,3,0,10.0,6.0,0.0042057037353515,3.0,0.0295581817626953,1.0,0.021087646484375,1.0,0.0127029418945312,4.0,3.2
1,10,0.1,11,3,1,10.0,4.0,0.0096931457519531,2.0,0.3296089172363281,2.0,0.6729145050048828,2.0,0.0395641326904296,9.0,4.1
2,10,0.1,11,3,2,10.0,5.0,0.0039997100830078,2.0,0.0722312927246093,1.0,0.0732498168945312,0.0,0.0038261413574218,0.0,3.7
3,10,0.1,11,3,3,10.0,8.0,0.0146923065185546,4.0,0.2478542327880859,2.0,0.331308364868164,2.0,0.0411128997802734,9.0,3.7
4,10,0.1,11,3,4,8.0,7.0,0.0049991607666015,3.0,0.24737548828125,2.0,0.3037586212158203,2.0,0.0324878692626953,6.0,4.1
5,10,0.1,11,3,5,9.0,7.0,0.0123367309570312,3.0,0.2731437683105469,3.0,0.5395336151123047,3.0,0.0476818084716796,9.0,3.6
6,10,0.1,11,3,6,10.0,8.0,0.0146846771240234,3.0,0.1644287109375,2.0,0.2085857391357422,2.0,0.0320377349853515,9.0,3.7
7,10,0.1,11,3,7,8.0,7.0,0.0099658966064453,3.0,0.4818363189697265,2.0,0.7787075042724609,2.0,0.0478248596191406,7.0,4.6
8,10,0.1,11,3,8,8.0,5.0,0.0059986114501953,3.0,0.0657997131347656,1.0,0.0768260955810546,1.0,0.0,5.0,3.7
9,10,0.1,11,3,9,9.0,6.0,0.0183563232421875,3.0,0.9192543029785156,3.0,0.64361572265625,2.0,0.0291633605957031,7.0,4.1
10,10,0.1,11,4,0,9.0,6.0,0.0093822479248046,3.0,0.3828926086425781,2.0,0.4123611450195312,2.0,0.0344409942626953,8.0,4.0
11,10,0.1,11,4,1,9.0,8.0,0.0109500885009765,4.0,0.9536151885986328,3.0,1.3198585510253906,3.0,0.0848922729492187,9.0,4.6
12,10,0.1,11,4,2,9.0,8.0,0.0129985809326171,3.0,0.5370826721191406,3.0,0.7141838073730469,2.0,0.0320491790771484,9.0,4.2
13,10,0.1,11,4,3,9.0,8.0,0.019998550415039,4.0,1.2007980346679688,3.0,0.4153003692626953,2.0,0.0339679718017578,7.0,4.4
14,10,0.1,11,4,4,10.0,8.0,0.0250301361083984,4.0,1.0556297302246094,3.0,1.2802371978759766,3.0,0.0997772216796875,10.0,4.4
15,10,0.1,11,4,5,9.0,5.0,0.0100955963134765,3.0,0.4763336181640625,2.0,0.3865318298339844,2.0,0.0314292907714843,8.0,4.1
16,10,0.1,11,4,6,10.0,8.0,0.0239944458007812,3.0,0.984670639038086,3.0,1.9928226470947263,3.0,0.1260318756103515,10.0,4.7
17,10,0.1,11,4,7,10.0,8.0,0.078805923461914,5.0,10.329193115234377,4.0,6.37873649597168,3.0,0.646453857421875,10.0,5.8
18,10,0.1,11,4,8,10.0,7.0,0.0552406311035156,4.0,2.845306396484375,3.0,1.4038829803466797,2.0,0.1341838836669922,10.0,4.7
19,10,0.1,11,4,9,10.0,7.0,0.0475311279296875,5.0,4.670534133911133,4.0,3.484580993652344,3.0,0.1641311645507812,10.0,5.1
20,10,0.1,11,5,0,10.0,7.0,0.0375652313232421,5.0,4.126546859741211,3.0,3.022891998291016,3.0,0.1468219757080078,10.0,5.1
21,10,0.1,11,5,1,10.0,9.0,0.0642318725585937,5.0,7.571462631225586,4.0,8.73187255859375,4.0,0.9574642181396484,10.0,5.6
22,10,0.1,11,5,2,10.0,7.0,0.0326156616210937,4.0,4.056131362915039,4.0,3.308523178100586,3.0,0.4119987487792969,10.0,5.1
23,10,0.1,11,5,3,10.0,9.0,0.015909194946289,4.0,2.50750732421875,3.0,3.5721492767333984,3.0,0.4306259155273437,10.0,5.2
24,10,0.1,11,5,4,10.0,8.0,0.0435657501220703,5.0,10.38525390625,4.0,14.096979141235352,4.0,1.1736946105957031,10.0,5.9
25,10,0.1,11,5,5,10.0,6.0,0.0272903442382812,5.0,5.997800827026367,4.0,4.8443603515625,3.0,0.177011489868164,10.0,4.9
26,10,0.1,11,5,6,10.0,7.0,0.0639667510986328,5.0,7.229835510253906,4.0,10.765697479248049,4.0,1.3052043914794922,10.0,5.5
27,10,0.1,11,5,7,10.0,9.0,0.0667629241943359,5.0,7.569700241088867,4.0,13.234485626220703,4.0,2.2516746520996094,10.0,6.3
28,10,0.1,11,5,8,10.0,7.0,0.0919551849365234,6.0,6.8241729736328125,4.0,4.755849838256836,3.0,0.5468349456787109,10.0,5.5
29,10,0.1,11,5,9,10.0,8.0,0.0904674530029296,5.0,16.17736053466797,4.0,18.181724548339844,4.0,3.063976287841797,10.0,6.4
30,10,0.2,12,3,0,9.0,7.0,0.0059986114501953,2.0,0.0962295532226562,2.0,0.0473079681396484,1.0,0.0314826965332031,2.0,3.2
31,10,0.2,12,3,1,10.0,5.0,0.0276165008544921,4.0,1.071210861206055,3.0,1.2740459442138672,2.0,0.0801658630371093,6.0,4.4
32,10,0.2,12,3,2,3.0,4.0,0.001983642578125,1.0,0.0306243896484375,1.0,0.0623836517333984,0.0,0.0022201538085937,0.0,3.5
33,10,0.2,12,3,3,7.0,5.0,0.0049991607666015,2.0,0.2503719329833984,2.0,0.2741451263427734,1.0,0.0477237701416015,5.0,3.7
34,10,0.2,12,3,4,10.0,9.0,0.0085411071777343,3.0,0.188201904296875,2.0,0.1763553619384765,1.0,0.1294689178466797,7.0,4.2
35,10,0.2,12,3,5,8.0,5.0,0.0050220489501953,2.0,0.032907485961914,2.0,0.097024917602539,1.0,0.046966552734375,8.0,3.4
36,10,0.2,12,3,6,8.0,6.0,0.0079994201660156,2.0,0.1130962371826171,2.0,0.2377223968505859,2.0,0.063058853149414,7.0,3.9
37,10,0.2,12,3,7,9.0,8.0,0.016387939453125,4.0,1.4133033752441406,3.0,0.8672733306884766,2.0,0.1193275451660156,7.0,4.9
38,10,0.2,12,3,8,8.0,5.0,0.0051040649414062,3.0,0.0404720306396484,1.0,0.032205581665039,0.0,0.0,0.0,3.6
39,10,0.2,12,3,9,8.0,6.0,0.0071163177490234,2.0,0.7541027069091797,2.0,0.9366798400878906,2.0,0.1555233001708984,8.0,4.4
40,10,0.2,12,4,0,9.0,7.0,0.0161800384521484,3.0,0.4163188934326172,3.0,0.1770477294921875,1.0,0.0471725463867187,5.0,3.9
41,10,0.2,12,4,1,10.0,8.0,0.0282649993896484,3.0,2.554506301879883,3.0,2.3679428100585938,2.0,0.1459121704101562,8.0,4.8
42,10,0.2,12,4,2,9.0,6.0,0.0132694244384765,3.0,0.8692455291748047,2.0,1.4941692352294922,2.0,0.1365585327148437,8.0,4.4
43,10,0.2,12,4,3,10.0,7.0,0.0234146118164062,3.0,0.9758529663085938,3.0,0.7907009124755859,2.0,0.1315441131591797,8.0,4.5
44,10,0.2,12,4,4,9.0,7.0,0.0100135803222656,3.0,0.6508255004882812,2.0,0.9818954467773438,2.0,0.1118736267089843,7.0,4.6
45,10,0.2,12,4,5,9.0,6.0,0.0139923095703125,3.0,1.1277694702148438,3.0,0.7517757415771484,2.0,0.1137905120849609,8.0,4.3
46,10,0.2,12,4,6,10.0,7.0,0.0199966430664062,3.0,0.936655044555664,3.0,0.6125640869140625,1.0,0.3121910095214844,9.0,4.7
47,10,0.2,12,4,7,10.0,8.0,0.0421867370605468,4.0,7.834009170532227,4.0,12.319463729858398,4.0,1.8290042877197263,10.0,5.7
48,10,0.2,12,4,8,10.0,7.0,0.016998291015625,3.0,0.9806575775146484,2.0,1.4918842315673828,2.0,0.2186832427978515,9.0,4.4
49,10,0.2,12,4,9,10.0,9.0,0.0278453826904296,4.0,5.654424667358398,3.0,6.257818222045898,3.0,1.0374088287353516,10.0,5.4
50,10,0.2,12,5,0,10.0,7.0,0.0163841247558593,4.0,1.566301345825195,3.0,1.2907028198242188,2.0,0.4112510681152344,9.0,5.0
51,10,0.2,12,5,1,10.0,9.0,0.0510883331298828,4.0,5.429920196533203,4.0,9.147994995117188,3.0,0.7737541198730469,9.0,5.4
52,10,0.2,12,5,2,10.0,8.0,0.028757095336914,3.0,4.085611343383789,3.0,5.035898208618164,3.0,0.3396053314208984,8.0,5.2
53,10,0.2,12,5,3,10.0,8.0,0.0150299072265625,3.0,2.059152603149414,3.0,1.5474128723144531,2.0,0.3589744567871094,9.0,5.4
54,10,0.2,12,5,4,10.0,9.0,0.034769058227539,4.0,3.338068008422852,3.0,6.781173706054688,3.0,0.5342578887939453,9.0,6.0
55,10,0.2,12,5,5,10.0,7.0,0.0281963348388671,4.0,1.4638729095458984,3.0,0.6617088317871094,1.0,0.0634403228759765,7.0,4.8
56,10,0.2,12,5,6,10.0,8.0,0.0472621917724609,4.0,7.938045501708984,4.0,6.768424987792969,3.0,0.447296142578125,9.0,5.5
57,10,0.2,12,5,7,10.0,8.0,0.0432090759277343,5.0,7.989299774169922,4.0,12.35865592956543,3.0,4.159479141235352,10.0,6.4
58,10,0.2,12,5,8,10.0,6.0,0.0179996490478515,4.0,2.3147506713867188,3.0,6.223133087158203,3.0,0.5313606262207031,9.0,5.1
59,10,0.2,12,5,9,10.0,8.0,0.0584144592285156,5.0,14.28151512145996,4.0,7.013633728027344,3.0,3.208707809448242,10.0,6.2
60,10,0.5,15,3,0,7.0,7.0,0.003143310546875,1.0,0.0171375274658203,1.0,0.0164966583251953,0.0,0.0,0.0,3.3
61,10,0.5,15,3,1,10.0,6.0,0.0181961059570312,3.0,0.4144668579101562,2.0,0.0792560577392578,0.0,0.030588150024414,0.0,4.6
62,10,0.5,15,3,2,6.0,5.0,0.0039997100830078,2.0,0.0436515808105468,1.0,0.0356655120849609,1.0,0.0245552062988281,2.0,3.6
63,10,0.5,15,3,3,8.0,7.0,0.004007339477539,2.0,0.1151351928710937,2.0,0.0324840545654296,0.0,0.0,0.0,4.0
64,10,0.5,15,3,4,4.0,6.0,0.0030803680419921,2.0,0.0335063934326171,2.0,0.0477333068847656,0.0,0.0,0.0,3.9
65,10,0.5,15,3,5,4.0,4.0,0.003000259399414,2.0,0.0246715545654296,2.0,0.1734542846679687,1.0,0.0483722686767578,2.0,3.8
66,10,0.5,15,3,6,9.0,5.0,0.0059986114501953,2.0,0.09295654296875,2.0,0.1122169494628906,1.0,0.0944194793701171,2.0,4.1
67,10,0.5,15,3,7,9.0,6.0,0.0066947937011718,2.0,0.1182098388671875,1.0,0.4099349975585937,1.0,5.63536262512207,4.0,4.9
68,10,0.5,15,3,8,6.0,6.0,0.003000259399414,1.0,0.01300048828125,1.0,0.015420913696289,0.0,0.0110149383544921,0.0,3.9
69,10,0.5,15,3,9,10.0,8.0,0.0266876220703125,3.0,0.2152175903320312,2.0,0.2128582000732422,0.0,0.0150127410888671,0.0,4.6
70,10,0.5,15,4,0,7.0,7.0,0.003143310546875,2.0,0.0431423187255859,1.0,0.0918617248535156,0.0,0.0192470550537109,0.0,4.1
71,10,0.5,15,4,1,8.0,5.0,0.0090045928955078,3.0,0.436685562133789,3.0,0.1466789245605468,0.0,0.0141887664794921,0.0,5.1
72,10,0.5,15,4,2,8.0,5.0,0.0066375732421875,2.0,0.0614662170410156,2.0,0.04840087890625,0.0,0.0157985687255859,0.0,4.3
73,10,0.5,15,4,3,10.0,8.0,0.0070877075195312,3.0,0.1049423217773437,2.0,0.2519683837890625,1.0,2.907075881958008,3.0,4.4
74,10,0.5,15,4,4,7.0,7.0,0.0040168762207031,2.0,0.1766624450683593,2.0,0.3352203369140625,1.0,0.1134490966796875,2.0,4.6
75,10,0.5,15,4,5,9.0,6.0,0.0139904022216796,3.0,0.2884159088134765,3.0,0.0485382080078125,0.0,0.0,0.0,4.3
76,10,0.5,15,4,6,6.0,5.0,0.004526138305664,3.0,0.152587890625,2.0,0.5652713775634766,1.0,0.4050121307373047,2.0,4.7
77,10,0.5,15,4,7,9.0,8.0,0.0109996795654296,2.0,1.2500381469726562,2.0,3.89887809753418,2.0,47.055097579956055,7.0,5.6
78,10,0.5,15,4,8,6.0,7.0,0.0030097961425781,2.0,0.1070899963378906,2.0,0.3247051239013672,1.0,0.0263099670410156,2.0,4.7
79,10,0.5,15,4,9,10.0,8.0,0.059539794921875,4.0,2.2197933197021484,3.0,2.395387649536133,2.0,12.101137161254885,3.0,5.5
80,10,0.5,15,5,0,10.0,8.0,0.0090007781982421,3.0,0.6313800811767578,2.0,0.2692241668701172,0.0,0.0170669555664062,0.0,4.9
81,10,0.5,15,5,1,10.0,8.0,0.0274295806884765,4.0,1.0456771850585938,3.0,1.2824134826660156,2.0,8.577787399291992,2.0,5.6
82,10,0.5,15,5,2,10.0,7.0,0.0149974822998046,3.0,0.6690120697021484,2.0,0.5015697479248047,1.0,3.999601364135742,6.0,5.1
83,10,0.5,15,5,3,10.0,7.0,0.0193138122558593,4.0,0.5129146575927734,2.0,1.7354774475097656,1.0,4.936374664306641,2.0,5.6
84,10,0.5,15,5,4,10.0,8.0,0.041595458984375,4.0,2.1261234283447266,3.0,5.852912902832031,2.0,20.804920196533203,7.0,6.0
85,10,0.5,15,5,5,7.0,6.0,0.0040187835693359,2.0,0.3261432647705078,2.0,0.274850845336914,1.0,0.2609634399414062,2.0,4.9
86,10,0.5,15,5,6,10.0,8.0,0.0315151214599609,4.0,1.878255844116211,3.0,2.3546581268310547,1.0,65.84606552124023,4.0,5.7
87,10,0.5,15,5,7,10.0,8.0,0.0362777709960937,4.0,8.181930541992188,4.0,12.16331672668457,2.0,100.00338172912598,999.0,6.5
88,10,0.5,15,5,8,10.0,7.0,0.033233642578125,3.0,3.717384338378906,3.0,4.442684173583984,2.0,38.39216041564941,5.0,5.5
89,10,0.5,15,5,9,10.0,8.0,0.04248046875,4.0,5.457542419433594,3.0,5.692747116088867,2.0,100.0088996887207,999.0,6.6
90,20,0.1,22,3,0,16.0,14.0,0.0282745361328125,4.0,1.2456398010253906,2.0,1.960550308227539,2.0,0.2441635131835937,10.0,3.5
91,20,0.1,22,3,1,18.0,14.0,0.1114215850830078,5.0,32.969913482666016,4.0,8.448158264160156,3.0,0.5676860809326172,9.0,4.05
92,20,0.1,22,3,2,12.0,11.0,0.0091705322265625,3.0,0.164560317993164,2.0,0.2372512817382812,1.0,0.0810070037841796,4.0,3.3
93,20,0.1,22,3,3,18.0,13.0,0.0280818939208984,4.0,0.9657249450683594,2.0,2.51763916015625,2.0,0.5357952117919922,14.0,3.55
94,20,0.1,22,3,4,17.0,14.0,0.039306640625,4.0,3.662441253662109,3.0,9.31715202331543,3.0,1.090921401977539,11.0,4.1
95,20,0.1,22,3,5,20.0,12.0,0.1191120147705078,4.0,6.517601013183594,4.0,8.816511154174805,3.0,0.9787864685058594,16.0,3.75
96,20,0.1,22,3,6,19.0,13.0,0.0810909271240234,5.0,6.065959930419922,3.0,22.50001716613769,3.0,1.3622207641601562,18.0,3.95
97,20,0.1,22,3,7,20.0,13.0,0.2377128601074218,5.0,10.619476318359377,3.0,38.28691864013672,3.0,2.036876678466797,15.0,4.3
98,20,0.1,22,3,8,15.0,13.0,0.0378704071044921,3.0,3.4146595001220703,2.0,2.3367996215820312,2.0,0.5016803741455078,13.0,3.6
99,20,0.1,22,3,9,19.0,13.0,0.1324272155761718,5.0,18.752336502075195,4.0,42.12506866455078,3.0,3.835206985473633,16.0,4.35
100,20,0.1,22,4,0,20.0,14.0,1.1886444091796875,6.0,733.9835338592529,4.0,1000.9790172576904,4.0,18.602733612060547,16.0,4.6
101,20,0.1,22,4,1,18.0,16.0,0.9748096466064452,6.0,1000.1067218780518,5.0,1000.2196674346924,4.0,24.011978149414062,16.0,4.75
102,20,0.1,22,4,2,16.0,13.0,0.0831050872802734,5.0,16.14955711364746,4.0,14.143976211547852,2.0,0.5557193756103516,5.0,4.3
103,20,0.1,22,4,3,20.0,15.0,0.2095794677734375,6.0,146.18805503845215,5.0,42.97317886352539,3.0,3.785921096801758,16.0,4.25
104,20,0.1,22,4,4,18.0,13.0,0.1821422576904297,5.0,109.7859992980957,4.0,238.37306785583496,3.0,10.633264541625977,15.0,4.8
105,20,0.1,22,4,5,19.0,14.0,1.9332733154296875,5.0,209.5579528808593,4.0,136.93117332458496,3.0,8.12483024597168,17.0,4.55
106,20,0.1,22,4,6,16.0,12.0,0.8980083465576172,6.0,271.4004421234131,5.0,334.3179378509521,4.0,7.526832580566406,15.0,4.7
107,20,0.1,22,4,7,20.0,17.0,7.277198791503906,7.0,1000.3110256195068,6.0,1000.3529739379884,4.0,71.95333862304688,16.0,5.45
108,20,0.1,22,4,8,20.0,14.0,1.8031330108642576,7.0,270.4440498352051,4.0,4055.2527179718018,4.0,70.75856399536133,18.0,4.8
109,20,0.1,22,4,9,19.0,15.0,2.334161758422852,6.0,1001.4434337615968,5.0,1001.4669818878174,4.0,111.9394073486328,18.0,5.1
110,20,0.1,22,5,0,20.0,17.0,2.1045913696289062,8.0,1000.2194957733154,5.0,1000.5850849151612,5.0,553.740104675293,19.0,5.2
111,20,0.1,22,5,1,19.0,15.0,17.797245025634766,8.0,1001.3140125274658,6.0,1000.235610961914,7.0,1000.0028400421144,999.0,5.75
112,20,0.1,22,5,2,19.0,15.0,0.2421455383300781,5.0,81.08485412597656,4.0,120.19337463378906,3.0,13.96181297302246,16.0,4.9
113,20,0.1,22,5,3,19.0,14.0,8.41323471069336,6.0,1000.1816864013672,5.0,1001.0653419494628,4.0,90.97894859313963,18.0,5.0
114,20,0.1,22,5,4,20.0,16.0,34.27455139160156,8.0,1003.365451812744,7.0,18375.19717025757,16.0,100.02184104919434,999.0,5.85
115,20,0.2,24,3,0,12.0,14.0,0.0121135711669921,4.0,0.2921791076660156,2.0,1.6837882995605469,2.0,7.7512664794921875,8.0,3.5
116,20,0.2,24,3,1,17.0,13.0,0.0641727447509765,5.0,2.382303237915039,3.0,3.313201904296875,1.0,59.11405372619629,11.0,3.95
117,20,0.2,24,3,2,9.0,13.0,0.0060005187988281,2.0,0.1024150848388671,1.0,0.0789241790771484,1.0,0.0434246063232421,2.0,3.2
118,20,0.2,24,3,3,17.0,14.0,0.0582485198974609,4.0,1.2212562561035156,3.0,0.6917591094970703,0.0,0.1039085388183593,0.0,3.65
119,20,0.2,24,3,4,15.0,12.0,0.0133171081542968,3.0,0.3981094360351562,2.0,2.697860717773437,1.0,100.01725769042967,999.0,4.0
120,20,0.2,24,3,5,13.0,12.0,0.0219993591308593,3.0,1.205732345581055,2.0,0.5730876922607422,1.0,0.0632820129394531,2.0,3.7
121,20,0.2,24,3,6,16.0,12.0,0.1861839294433593,5.0,12.113714218139648,4.0,9.719907760620115,2.0,57.22418403625488,11.0,3.95
122,20,0.2,24,3,7,20.0,15.0,0.0688419342041015,6.0,9.920003890991213,3.0,100.09366035461426,3.0,100.02440452575684,999.0,4.4
123,20,0.2,24,3,8,18.0,14.0,0.0157661437988281,3.0,1.1666812896728516,3.0,0.4278717041015625,1.0,0.6041049957275391,3.0,3.7
124,20,0.2,24,3,9,18.0,14.0,0.1176109313964843,5.0,11.343585968017578,4.0,40.48188781738281,2.0,100.05064964294434,999.0,4.35
125,20,0.2,24,4,0,20.0,14.0,0.8843173980712891,6.0,44.46206092834473,4.0,100.030366897583,4.0,100.051851272583,999.0,4.5
126,20,0.2,24,4,1,18.0,13.0,0.4219741821289062,7.0,100.0644874572754,5.0,100.70999908447266,4.0,100.0317440032959,999.0,4.9
127,20,0.2,24,4,2,15.0,13.0,0.0750160217285156,5.0,10.692155838012695,3.0,6.048097610473633,1.0,12.442276000976562,4.0,4.05
128,20,0.2,24,4,3,18.0,12.0,0.0532398223876953,5.0,4.724332809448242,3.0,7.576017379760742,2.0,18.91621971130371,12.0,4.2
129,20,0.2,24,4,4,18.0,14.0,0.6385917663574219,4.0,100.05418586730956,4.0,100.26530838012695,4.0,100.04088401794434,999.0,5.05
130,20,0.2,24,4,5,18.0,13.0,0.3070793151855469,4.0,33.10493469238281,4.0,100.09661293029784,3.0,100.01873970031738,999.0,4.65
131,20,0.2,24,4,6,18.0,14.0,0.7956466674804688,6.0,100.1167812347412,5.0,100.06243133544922,2.0,100.02867126464844,999.0,4.7
132,20,0.2,24,4,7,20.0,17.0,4.633335113525391,5.0,100.58835792541504,6.0,100.28771591186523,5.0,100.03568649291992,999.0,5.4
133,20,0.2,24,4,8,19.0,12.0,0.5264549255371094,5.0,100.02973175048828,5.0,100.22002410888672,3.0,100.02740669250488,999.0,4.55
134,20,0.2,24,4,9,19.0,15.0,0.3050003051757812,7.0,98.84215354919434,4.0,100.1558074951172,3.0,100.02943420410156,999.0,5.05
135,20,0.5,30,3,0,8.0,11.0,0.0110015869140625,3.0,0.2209205627441406,2.0,0.0997257232666015,0.0,0.009622573852539,0.0,3.6
136,20,0.5,30,3,1,10.0,15.0,0.0079975128173828,4.0,0.5815391540527344,3.0,0.1928844451904297,0.0,0.0311775207519531,0.0,4.15
137,20,0.5,30,3,2,6.0,9.0,0.0069999694824218,1.0,0.0767383575439453,1.0,0.0348396301269531,0.0,0.0060462951660156,0.0,3.35
138,20,0.5,30,3,3,5.0,9.0,0.0081863403320312,2.0,0.1043357849121093,1.0,0.1001300811767578,0.0,0.0070686340332031,0.0,3.6
139,20,0.5,30,3,4,0.0,9.0,0.0009994506835937,0.0,0.068460464477539,0.0,0.8184890747070312,0.0,0.0050411224365234,0.0,4.05
140,20,0.5,30,3,5,11.0,12.0,0.019998550415039,3.0,0.1417884826660156,2.0,0.0450458526611328,0.0,0.0121440887451171,0.0,3.6
141,20,0.5,30,3,6,19.0,9.0,0.0836811065673828,3.0,1.9845943450927732,3.0,0.1811752319335937,0.0,0.1186103820800781,0.0,4.1
142,20,0.5,30,3,7,17.0,12.0,0.0787029266357421,4.0,2.0544090270996094,3.0,2.907037734985352,1.0,100.27811431884766,999.0,4.4
143,20,0.5,30,3,8,5.0,12.0,0.0163726806640625,2.0,0.0311470031738281,2.0,0.1465682983398437,0.0,0.0629615783691406,0.0,3.75
144,20,0.5,30,3,9,13.0,11.0,0.0310420989990234,3.0,1.5926990509033203,2.0,3.239355087280273,0.0,0.9234886169433594,0.0,4.45
145,20,0.5,30,4,0,15.0,14.0,0.0709819793701171,3.0,3.069162368774414,3.0,1.370016098022461,0.0,0.3133258819580078,0.0,4.6
146,20,0.5,30,4,1,18.0,13.0,1.586252212524414,6.0,70.53171920776367,4.0,5.0469818115234375,0.0,0.0633583068847656,0.0,5.0
147,20,0.5,30,4,2,17.0,12.0,0.0479583740234375,4.0,0.7005844116210938,2.0,0.3577289581298828,0.0,0.0298843383789062,0.0,4.3
148,20,0.5,30,4,3,12.0,12.0,0.0156784057617187,3.0,0.3511600494384765,3.0,0.6162815093994141,0.0,0.1553325653076172,0.0,4.2
149,20,0.5,30,4,4,20.0,14.0,0.8091259002685547,6.0,43.22397804260254,4.0,11.36269760131836,1.0,100.33664321899414,999.0,5.05
150,20,0.5,30,4,5,6.0,9.0,0.0134849548339843,3.0,1.466949462890625,3.0,1.6816673278808594,0.0,0.0470600128173828,0.0,4.45
151,20,0.5,30,4,6,16.0,13.0,0.2544364929199219,5.0,16.781448364257812,4.0,6.059429168701172,0.0,1.81439208984375,0.0,4.7
152,20,0.5,30,4,7,19.0,15.0,0.3626708984375,5.0,83.06479835510254,4.0,100.45518112182616,2.0,100.58263778686523,999.0,5.3
153,20,0.5,30,4,8,18.0,12.0,0.1064624786376953,5.0,8.209772109985352,3.0,22.86715316772461,1.0,100.53859901428224,999.0,4.9
154,20,0.5,30,4,9,16.0,14.0,0.4982318878173828,4.0,15.27471160888672,4.0,2.4593505859375,0.0,0.2288570404052734,0.0,5.15
155,30,0.1,33,3,0,26.0,22.0,0.7553501129150391,5.0,98.79411125183104,4.0,23.29659843444824,2.0,17.450695037841797,7.0,3.566666666666667
156,30,0.1,33,3,1,21.0,20.0,0.7310905456542969,5.0,100.35506439208984,4.0,100.35787963867188,3.0,100.02248191833496,999.0,3.933333333333333
157,30,0.1,33,3,2,17.0,19.0,0.0502166748046875,5.0,0.5266685485839844,3.0,0.2979583740234375,1.0,0.1005153656005859,2.0,3.333333333333333
158,30,0.1,33,3,3,26.0,22.0,0.0698280334472656,6.0,2.477296829223633,2.0,0.7600612640380859,1.0,4.514816284179688,12.0,3.433333333333333
159,30,0.1,33,3,4,26.0,20.0,0.9358654022216796,6.0,44.72154235839844,3.0,100.1074562072754,2.0,100.03403091430664,999.0,3.9
160,30,0.1,33,3,5,24.0,17.0,0.416391372680664,6.0,48.18957710266113,4.0,100.17776489257812,3.0,100.056058883667,999.0,3.6666666666666665
161,30,0.1,33,3,6,21.0,23.0,0.9146804809570312,5.0,81.23078155517578,4.0,100.0994110107422,3.0,100.11348533630373,999.0,3.6666666666666665
162,30,0.1,33,3,7,28.0,23.0,6.343751907348633,6.0,100.06195259094238,4.0,100.10905647277832,3.0,100.0194149017334,999.0,4.166666666666667
163,30,0.1,33,3,8,26.0,16.0,5.008876800537109,5.0,100.0725803375244,4.0,100.18165016174316,3.0,100.0121364593506,999.0,4.1
164,30,0.1,33,3,9,25.0,18.0,0.1179161071777343,7.0,100.08065223693848,5.0,100.80764389038086,4.0,100.0562229156494,999.0,4.233333333333333
165,30,0.1,33,4,0,29.0,21.0,34.64703941345215,8.0,102.82942581176758,8.0,102.58329200744627,12.0,100.0328483581543,999.0,4.3
166,30,0.1,33,4,1,29.0,24.0,84.83155632019043,9.0,103.5251522064209,17.0,108.2164478302002,18.0,100.0089874267578,999.0,4.966666666666667
167,30,0.1,33,4,2,24.0,20.0,0.4090118408203125,8.0,100.05562210083008,5.0,100.12529373168944,3.0,100.03317451477052,999.0,4.333333333333333
168,30,0.1,33,4,3,24.0,18.0,0.3027305603027344,5.0,100.52322196960448,4.0,100.09309387207033,3.0,7.745779037475586,20.0,4.233333333333333
169,30,0.1,33,4,4,29.0,24.0,100.0,999.0,100.18109893798828,13.0,100.3903923034668,16.0,100.08577919006348,999.0,4.9
170,30,0.1,33,4,5,26.0,20.0,11.428163528442385,8.0,100.63825607299805,6.0,107.72909164428712,7.0,100.03544044494627,999.0,4.566666666666666
171,30,0.1,33,4,6,27.0,20.0,13.446054458618164,8.0,106.07828330993652,12.0,101.71626472473145,14.0,100.06400871276855,999.0,4.8
172,30,0.1,33,4,7,29.0,23.0,100.0,999.0,104.24662399291992,24.0,102.13808631896973,23.0,100.02493286132812,999.0,5.6
173,30,0.1,33,4,8,30.0,20.0,100.0,999.0,100.1743507385254,12.0,102.44483375549316,17.0,100.05355834960938,999.0,4.833333333333333
174,30,0.1,33,4,9,29.0,20.0,100.0,999.0,101.74136924743652,22.0,108.77541542053224,17.0,100.01995468139648,999.0,5.133333333333334
175,30,0.2,36,3,0,24.0,18.0,0.3204231262207031,4.0,31.453283309936523,4.0,8.393362045288086,1.0,100.66439247131348,999.0,3.533333333333333
176,30,0.2,36,3,1,25.0,21.0,0.2508697509765625,7.0,26.70524024963379,3.0,75.68585968017578,2.0,100.37950706481934,999.0,3.8666666666666663
177,30,0.2,36,3,2,15.0,17.0,0.0428733825683593,4.0,1.4932231903076172,3.0,0.4850196838378906,0.0,0.0593605041503906,0.0,3.333333333333333
178,30,0.2,36,3,3,13.0,15.0,0.0241031646728515,3.0,1.1392822265625,3.0,1.217721939086914,1.0,0.0958690643310546,2.0,3.433333333333333
179,30,0.2,36,3,4,26.0,20.0,1.0298938751220703,5.0,100.07939338684082,4.0,2.801755905151367,0.0,0.2501678466796875,0.0,3.966666666666667
180,30,0.2,36,3,5,22.0,15.0,0.0898761749267578,4.0,3.754791259765625,2.0,2.0445728302001958,0.0,4.119937896728516,0.0,3.7
181,30,0.2,36,3,6,20.0,16.0,0.1540660858154297,5.0,3.015380859375,3.0,14.244319915771484,2.0,82.61866188049316,2.0,3.6
182,30,0.2,36,3,7,22.0,23.0,0.4598197937011719,5.0,41.454328536987305,4.0,101.8868007659912,3.0,100.07515907287598,999.0,4.133333333333334
183,30,0.2,36,3,8,26.0,18.0,1.0186119079589844,4.0,20.790414810180664,3.0,100.06464958190918,2.0,100.67937469482422,999.0,4.1
184,30,0.2,36,3,9,28.0,20.0,1.050006866455078,6.0,88.5695743560791,3.0,100.93770408630373,5.0,100.28981971740724,999.0,4.233333333333333
185,30,0.2,36,4,0,28.0,19.0,10.351900100708008,6.0,100.0976619720459,5.0,100.59645652770996,2.0,100.76176071166992,999.0,4.2
186,30,0.2,36,4,1,28.0,21.0,87.00167083740234,8.0,106.64212989807127,11.0,115.5622787475586,14.0,100.10381317138672,999.0,4.933333333333334
187,30,0.2,36,4,2,23.0,19.0,0.548583984375,4.0,66.71576309204102,3.0,107.60956954956056,12.0,100.09951210021973,999.0,4.5
188,30,0.2,36,4,3,29.0,21.0,3.17315673828125,6.0,100.07974624633788,4.0,101.22391510009766,3.0,100.25714111328124,999.0,4.3
189,30,0.2,36,4,4,30.0,23.0,23.40488052368164,9.0,101.26774597167967,15.0,100.18642807006836,17.0,100.49568176269533,999.0,4.966666666666667
190,30,0.2,36,4,5,27.0,20.0,20.64557838439941,6.0,216.85245895385745,12.0,108.23689460754396,20.0,100.09956550598145,999.0,4.566666666666666
191,30,0.2,36,4,6,27.0,22.0,1.8761615753173828,7.0,100.13572120666504,4.0,100.60058403015135,14.0,100.44132995605467,999.0,4.866666666666666
192,30,0.2,36,4,7,27.0,20.0,39.83924674987793,7.0,100.93344116210938,8.0,104.0742073059082,17.0,100.70066261291504,999.0,5.666666666666667
193,30,0.2,36,4,8,29.0,21.0,2.5470848083496094,7.0,107.77277183532716,8.0,100.05633354187012,14.0,100.31074714660645,999.0,4.9
194,30,0.2,36,4,9,28.0,22.0,3.645654678344727,8.0,102.62364387512208,20.0,104.61248207092284,14.0,100.0821361541748,999.0,4.966666666666667
195,30,0.5,45,3,0,21.0,14.0,0.069610595703125,4.0,0.4723415374755859,2.0,0.1070137023925781,0.0,0.0264320373535156,0.0,3.7
196,30,0.5,45,3,1,10.0,15.0,0.0130290985107421,3.0,0.6260890960693359,2.0,0.42633056640625,0.0,0.1279010772705078,0.0,4.0
197,30,0.5,45,3,2,15.0,13.0,0.0108051300048828,4.0,0.0674324035644531,3.0,0.1115951538085937,0.0,0.0729312896728515,0.0,3.433333333333333
198,30,0.5,45,3,3,7.0,14.0,0.0079975128173828,1.0,0.0895519256591796,1.0,0.1265449523925781,0.0,0.02056884765625,0.0,3.5
199,30,0.5,45,3,4,17.0,21.0,0.0581645965576171,2.0,0.7082653045654297,2.0,0.2452869415283203,0.0,0.1439037322998047,0.0,4.033333333333333
200,30,0.5,45,3,5,9.0,18.0,0.0080146789550781,1.0,0.0558433532714843,1.0,0.1084194183349609,0.0,0.0089931488037109,0.0,3.7666666666666666
201,30,0.5,45,3,6,18.0,17.0,0.0424633026123046,2.0,1.027019500732422,2.0,0.39300537109375,0.0,0.1404151916503906,0.0,3.733333333333333
202,30,0.5,45,3,7,19.0,17.0,0.0758495330810546,4.0,1.0633163452148438,2.0,1.288797378540039,0.0,0.0244789123535156,0.0,4.233333333333333
203,30,0.5,45,3,8,13.0,15.0,0.0298805236816406,3.0,1.3665199279785156,2.0,1.6381988525390625,0.0,0.2909088134765625,0.0,4.166666666666667
204,30,0.5,45,3,9,24.0,19.0,0.4085865020751953,5.0,11.107257843017578,3.0,1.6557998657226562,0.0,0.3788318634033203,0.0,4.333333333333333
205,30,0.5,45,4,0,21.0,17.0,0.0355758666992187,3.0,1.662151336669922,2.0,11.142433166503906,0.0,0.1549701690673828,0.0,4.3
206,30,0.5,45,4,1,28.0,23.0,4.667867660522461,6.0,100.06111907958984,4.0,100.47346687316896,1.0,100.44552040100098,999.0,5.066666666666666
207,30,0.5,45,4,2,25.0,17.0,0.0962352752685546,6.0,3.4657058715820312,3.0,0.7354545593261719,0.0,0.1532669067382812,0.0,4.533333333333333
208,30,0.5,45,4,3,28.0,20.0,0.9668445587158204,5.0,35.570199966430664,4.0,0.8117694854736328,0.0,0.085550308227539,0.0,4.366666666666666
209,30,0.5,45,4,4,22.0,22.0,0.0598220825195312,5.0,27.1899528503418,3.0,101.67934799194336,1.0,100.30685997009276,999.0,5.166666666666667
210,30,0.5,45,4,5,24.0,17.0,0.087594985961914,4.0,4.43669319152832,3.0,3.260110855102539,0.0,0.1474151611328125,0.0,4.6
211,30,0.5,45,4,6,25.0,18.0,0.2713088989257812,4.0,13.026430130004885,3.0,2.284290313720703,0.0,0.1700706481933593,0.0,4.733333333333333
212,30,0.5,45,4,7,30.0,20.0,12.969900131225586,8.0,101.0748119354248,7.0,104.3723487854004,11.0,100.14330863952635,999.0,5.733333333333333
213,30,0.5,45,4,8,24.0,18.0,1.0640869140625,7.0,100.0511074066162,4.0,73.08415794372559,1.0,100.35275459289552,999.0,4.9
214,30,0.5,45,4,9,24.0,19.0,0.1049251556396484,5.0,100.08435249328612,4.0,8.11032485961914,0.0,0.1049461364746093,0.0,5.133333333333334
215,10,0.1,11,2,0,2.0,5.0,0.0,1.0,0.0101203918457031,1.0,0.0157909393310546,0.0,0.0,0.0,2.7
216,10,0.1,11,2,1,2.0,7.0,0.0,1.0,0.0,1.0,0.0,0.0,0.0018386840820312,0.0,2.7
217,10,0.1,11,2,2,5.0,4.0,0.0056228637695312,1.0,0.0146369934082031,1.0,0.010498046875,0.0,0.0,0.0,2.4
218,10,0.1,11,2,3,2.0,5.0,0.0,3.0,0.0125198364257812,2.0,0.0169620513916015,1.0,0.0,2.0,2.6
219,10,0.1,11,2,4,8.0,7.0,0.0046615600585937,1.0,0.0111980438232421,1.0,0.0197048187255859,1.0,0.0188274383544921,4.0,3.1
220,10,0.1,11,2,5,3.0,4.0,0.0,2.0,0.0101852416992187,1.0,0.0201339721679687,1.0,0.0,3.0,2.4
221,10,0.1,11,2,6,6.0,5.0,0.0,2.0,0.0141162872314453,1.0,0.0221881866455078,1.0,0.0,2.0,2.7
222,10,0.1,11,2,7,7.0,8.0,0.0,2.0,0.0624256134033203,2.0,0.0238170623779296,1.0,0.0152149200439453,6.0,3.4
223,10,0.1,11,2,8,4.0,3.0,0.0,1.0,0.0116500854492187,1.0,0.015167236328125,1.0,0.0030155181884765,4.0,2.8
224,10,0.1,11,2,9,6.0,5.0,0.0,1.0,0.0242996215820312,1.0,0.0548381805419921,1.0,0.01971435546875,5.0,3.1
225,10,0.2,12,2,0,3.0,7.0,0.0,2.0,0.0090179443359375,1.0,0.0096015930175781,0.0,0.0,0.0,2.8
226,10,0.2,12,2,1,5.0,6.0,0.0081024169921875,1.0,0.0166606903076171,1.0,0.0152206420898437,0.0,0.0069522857666015,0.0,2.8
227,10,0.2,12,2,2,2.0,4.0,0.0025081634521484,1.0,0.0067462921142578,1.0,0.0027904510498046,1.0,0.0052471160888671,2.0,2.4
228,10,0.2,12,2,3,3.0,5.0,0.0036239624023437,1.0,0.025247573852539,1.0,0.0354652404785156,0.0,0.0,0.0,2.8
229,10,0.2,12,2,4,3.0,5.0,0.0105419158935546,2.0,0.0144271850585937,2.0,0.0097503662109375,0.0,0.0,0.0,2.8
230,10,0.2,12,2,5,2.0,3.0,0.0,1.0,0.0045986175537109,1.0,0.0096397399902343,0.0,0.0032482147216796,0.0,2.6
231,10,0.2,12,2,6,8.0,5.0,0.0076751708984375,2.0,0.0248260498046875,1.0,0.0253524780273437,1.0,0.0149078369140625,3.0,3.0
232,10,0.2,12,2,7,7.0,8.0,0.0050907135009765,2.0,0.0632057189941406,2.0,0.0819950103759765,1.0,0.010162353515625,4.0,3.4
233,10,0.2,12,2,8,5.0,5.0,0.0101146697998046,2.0,0.0297584533691406,2.0,0.0100574493408203,1.0,0.0101337432861328,2.0,2.6
234,10,0.2,12,2,9,3.0,7.0,0.0016727447509765,1.0,0.0,1.0,0.0086326599121093,0.0,0.0,0.0,3.0
235,10,0.5,15,2,0,4.0,5.0,0.0,1.0,0.0066165924072265,1.0,0.0,0.0,0.003793716430664,0.0,2.7
236,10,0.5,15,2,1,6.0,5.0,0.0,1.0,0.0198478698730468,1.0,0.0200386047363281,0.0,0.0050163269042968,0.0,3.2
237,10,0.5,15,2,2,0.0,5.0,0.0,0.0,0.0,0.0,0.0,0.0,0.0,0.0,2.5
238,10,0.5,15,2,3,2.0,4.0,0.0,1.0,0.0079364776611328,1.0,0.0,0.0,0.0,0.0,3.1
239,10,0.5,15,2,4,7.0,7.0,0.0037040710449218,1.0,0.0158843994140625,1.0,0.0102348327636718,0.0,0.0062274932861328,0.0,3.3
240,10,0.5,15,2,5,0.0,3.0,0.0,0.0,0.0125141143798828,0.0,0.0,0.0,0.0,0.0,2.8
241,10,0.5,15,2,6,0.0,3.0,0.0,0.0,0.0060024261474609,0.0,0.0081081390380859,0.0,0.0,0.0,2.8
242,10,0.5,15,2,7,8.0,7.0,0.0,2.0,0.0346088409423828,2.0,0.0112514495849609,0.0,0.0,0.0,3.6
243,10,0.5,15,2,8,3.0,4.0,0.0050067901611328,1.0,0.006011962890625,1.0,0.0101032257080078,0.0,0.0,0.0,3.0
244,10,0.5,15,2,9,2.0,6.0,0.0035991668701171,1.0,0.006082534790039,1.0,0.0101470947265625,0.0,0.0,0.0,3.2
245,20,0.1,22,2,0,3.0,9.0,0.0086021423339843,1.0,0.0260486602783203,1.0,0.0293788909912109,1.0,0.00311279296875,3.0,2.45
246,20,0.1,22,2,1,5.0,9.0,0.0050067901611328,1.0,0.0548839569091796,1.0,0.0983180999755859,0.0,0.0100479125976562,0.0,3.0
247,20,0.1,22,2,2,7.0,8.0,0.0,2.0,0.0304775238037109,1.0,0.0411911010742187,1.0,0.0051345825195312,7.0,2.6
248,20,0.1,22,2,3,8.0,10.0,0.0,2.0,0.0450172424316406,1.0,0.0354194641113281,0.0,0.0103721618652343,0.0,2.75
249,20,0.1,22,2,4,11.0,11.0,0.0050067901611328,3.0,0.0948600769042968,2.0,0.0550727844238281,1.0,0.0350551605224609,4.0,2.7
250,20,0.1,22,2,5,3.0,9.0,0.016244888305664062,3.0,0.1445789337158203,2.0,0.044826507568359375,1.0,0.018602371215820312,3.0,2.7
251,20,0.1,22,2,6,14.0,9.0,0.033794403076171875,3.0,0.13299560546875,2.0,0.25225257873535156,2.0,0.24193191528320312,10.0,2.85
252,20,0.1,22,2,7,12.0,12.0,0.029239654541015625,2.0,0.7470626831054688,1.0,2.1581478118896484,1.0,0.2843647003173828,8.0,3.3
253,20,0.1,22,2,8,5.0,9.0,0.01258087158203125,2.0,0.1527729034423828,2.0,0.14410781860351562,1.0,0.0590362548828125,3.0,2.9
254,20,0.1,22,2,9,20.0,15.0,0.05142402648925781,5.0,3.857208251953125,3.0,3.7487125396728516,3.0,0.352203369140625,4.0,3.5
255,20,0.2,24,2,0,2.0,9.0,0.008012771606445312,2.0,0.044010162353515625,1.0,0.07062911987304688,1.0,0.01059722900390625,2.0,2.65
256,20,0.2,24,2,1,12.0,12.0,0.037509918212890625,4.0,0.28064918518066406,2.0,0.06101417541503906,1.0,0.024682998657226562,2.0,3.25
257,20,0.2,24,2,2,0.0,6.0,0.0,0.0,0.01961517333984375,0.0,0.0330963134765625,0.0,0.00299835205078125,0.0,2.65
258,20,0.2,24,2,3,2.0,11.0,0.00592803955078125,1.0,0.046192169189453125,1.0,0.06318473815917969,0.0,0.008022308349609375,0.0,2.7
259,20,0.2,24,2,4,6.0,10.0,0.005035400390625,1.0,0.01377105712890625,1.0,0.03534889221191406,0.0,0.04011726379394531,0.0,2.9
260,20,0.2,24,2,5,6.0,9.0,0.010120391845703125,4.0,0.06505203247070312,2.0,0.035228729248046875,0.0,0.0,0.0,2.7
261,20,0.2,24,2,6,9.0,13.0,0.017009735107421875,3.0,0.11047935485839844,2.0,0.15459251403808594,2.0,0.008623123168945312,2.0,2.9
262,20,0.2,24,2,7,10.0,12.0,0.0052013397216796875,3.0,0.3647956848144531,2.0,0.3951454162597656,1.0,0.09529685974121094,2.0,3.25
263,20,0.2,24,2,8,4.0,9.0,0.004215240478515625,1.0,0.1972198486328125,1.0,0.16534805297851562,0.0,0.011278152465820312,0.0,2.95
264,20,0.2,24,2,9,16.0,12.0,0.017261505126953125,4.0,0.7439079284667969,2.0,1.0271224975585938,1.0,2.6353073120117188,5.0,3.3
265,20,0.5,30,2,0,4.0,8.0,0.010009765625,1.0,0.019855499267578125,1.0,0.02509307861328125,0.0,0.0,0.0,2.6
266,20,0.5,30,2,1,3.0,12.0,0.010141372680664062,2.0,0.0201873779296875,2.0,0.008350372314453125,0.0,0.011999130249023438,0.0,3.3
267,20,0.5,30,2,2,2.0,8.0,0.00901031494140625,1.0,0.04050445556640625,1.0,0.06030082702636719,0.0,0.01139068603515625,0.0,2.75
268,20,0.5,30,2,3,9.0,11.0,0.011913299560546875,1.0,0.03965187072753906,1.0,0.010404586791992188,0.0,0.008001327514648438,0.0,2.95
269,20,0.5,30,2,4,3.0,13.0,0.010004043579101562,2.0,0.033687591552734375,2.0,0.04272270202636719,0.0,0.015485763549804688,0.0,3.1
270,20,0.5,30,2,5,5.0,8.0,0.00899505615234375,1.0,0.0220184326171875,1.0,0.03662109375,0.0,0.0074367523193359375,0.0,2.7
271,20,0.5,30,2,6,4.0,8.0,0.009012222290039062,1.0,0.03362464904785156,1.0,0.03952789306640625,0.0,0.009027481079101562,0.0,3.1
272,20,0.5,30,2,7,7.0,12.0,0.008007049560546875,1.0,0.06487846374511719,1.0,0.121917724609375,0.0,0.018537521362304688,0.0,3.5
273,20,0.5,30,2,8,3.0,8.0,0.010000228881835938,2.0,0.02901458740234375,1.0,0.04926490783691406,0.0,0.00946044921875,0.0,3.05
274,20,0.5,30,2,9,3.0,11.0,0.01001739501953125,2.0,0.06499481201171875,2.0,0.11456871032714844,0.0,0.008604049682617188,0.0,3.45
275,30,0.1,33,2,0,8.0,14.0,0.020854949951171875,3.0,0.3295917510986328,2.0,0.09628677368164062,0.0,0.02632904052734375,0.0,2.533333333333333
276,30,0.1,33,2,1,19.0,15.0,0.1919078826904297,4.0,5.562883377075195,3.0,2.3001346588134766,2.0,0.9533576965332031,5.0,3.1666666666666665
277,30,0.1,33,2,2,9.0,14.0,0.011941909790039062,1.0,0.09875869750976562,1.0,0.05051994323730469,0.0,0.0070514678955078125,0.0,2.533333333333333
278,30,0.1,33,2,3,18.0,16.0,0.021406173706054688,2.0,0.3202533721923828,2.0,0.4125194549560547,1.0,0.3849449157714844,11.0,2.7333333333333334
279,30,0.1,33,2,4,17.0,17.0,0.018505096435546875,3.0,0.6155300140380859,2.0,0.3409423828125,1.0,0.049732208251953125,2.0,3.1
280,30,0.1,33,2,5,10.0,13.0,0.009857177734375,2.0,0.15008926391601562,2.0,0.10662651062011719,0.0,0.0620880126953125,0.0,2.8333333333333335
281,30,0.1,33,2,6,22.0,15.0,0.03198051452636719,3.0,1.04876708984375,2.0,0.7446498870849609,1.0,1.5001182556152344,10.0,3.0
282,30,0.1,33,2,7,23.0,22.0,0.5163688659667969,4.0,28.284879684448242,4.0,5.354850769042969,2.0,14.922454833984375,18.0,3.2
283,30,0.1,33,2,8,13.0,15.0,0.022981643676757812,3.0,0.28244972229003906,2.0,1.2675800323486328,2.0,0.4543590545654297,13.0,2.8666666666666667
284,30,0.1,33,2,9,25.0,19.0,0.030292510986328125,3.0,2.879762649536133,3.0,4.285953521728516,2.0,5.579366683959961,11.0,3.3
285,30,0.2,36,2,0,0.0,13.0,0.0,0.0,0.031658172607421875,0.0,0.06512451171875,0.0,0.0052089691162109375,0.0,2.6666666666666665
286,30,0.2,36,2,1,17.0,17.0,0.014682769775390625,5.0,0.17514610290527344,2.0,0.16396522521972656,0.0,0.08415412902832031,0.0,3.1
287,30,0.2,36,2,2,3.0,12.0,0.004955291748046875,2.0,0.04371070861816406,1.0,0.0302734375,0.0,0.010021209716796875,0.0,2.533333333333333
288,30,0.2,36,2,3,2.0,15.0,0.0,1.0,0.04683685302734375,1.0,0.055271148681640625,1.0,0.004528045654296875,2.0,2.7
289,30,0.2,36,2,4,6.0,13.0,0.001750946044921875,2.0,0.1356945037841797,2.0,0.10015487670898438,0.0,0.015613555908203125,0.0,3.1
290,30,0.2,36,2,5,14.0,13.0,0.019124984741210938,2.0,0.11753654479980469,2.0,0.12077140808105469,0.0,0.02153778076171875,0.0,2.8333333333333335
291,30,0.2,36,2,6,20.0,17.0,0.019674301147460938,5.0,1.6546783447265625,3.0,0.27019309997558594,0.0,0.03500175476074219,0.0,3.066666666666667
292,30,0.2,36,2,7,13.0,18.0,0.010190963745117188,2.0,0.3536720275878906,1.0,0.6299076080322266,0.0,0.09424209594726562,0.0,3.3333333333333335
293,30,0.2,36,2,8,11.0,15.0,0.0032596588134765625,2.0,0.16637802124023438,1.0,0.16561317443847656,1.0,0.019788742065429688,3.0,2.8666666666666667
294,30,0.2,36,2,9,16.0,16.0,0.010347366333007812,3.0,0.2899627685546875,2.0,1.8187141418457031,1.0,100.08657646179199,999.0,3.2333333333333334
295,30,0.5,45,2,0,4.0,12.0,0.008001327514648438,1.0,0.04256629943847656,1.0,0.056690216064453125,0.0,0.009042739868164062,0.0,2.8333333333333335
296,30,0.5,45,2,1,7.0,12.0,0.006053924560546875,2.0,0.023424148559570312,1.0,0.06818199157714844,0.0,0.009998321533203125,0.0,3.2
297,30,0.5,45,2,2,4.0,13.0,0.0070285797119140625,1.0,0.029005050659179688,1.0,0.011705398559570312,0.0,0.0010204315185546875,0.0,2.6333333333333333
298,30,0.5,45,2,3,4.0,13.0,0.007999420166015625,1.0,0.043087005615234375,1.0,0.02507781982421875,0.0,0.009355545043945312,0.0,2.8666666666666667
299,30,0.5,45,2,4,0.0,12.0,0.008296966552734375,0.0,0.03382110595703125,0.0,0.06391334533691406,0.0,0.0050067901611328125,0.0,3.2
300,30,0.5,45,2,5,3.0,12.0,0.0059833526611328125,2.0,0.04492759704589844,2.0,0.042903900146484375,0.0,0.0,0.0,2.966666666666667
301,30,0.5,45,2,6,14.0,14.0,0.020418167114257812,3.0,0.06382942199707031,2.0,0.026292800903320312,0.0,0.0121002197265625,0.0,3.066666666666667
302,30,0.5,45,2,7,7.0,16.0,0.009984970092773438,2.0,0.21662330627441406,2.0,0.0500640869140625,0.0,0.015811920166015625,0.0,3.433333333333333
303,30,0.5,45,2,8,7.0,14.0,0.0047740936279296875,2.0,0.012142181396484375,1.0,0.059947967529296875,0.0,0.00968170166015625,0.0,3.066666666666667
304,30,0.5,45,2,9,15.0,17.0,0.02972412109375,4.0,0.8360309600830078,2.0,0.2524852752685547,0.0,0.0059967041015625,0.0,3.433333333333333
305,10,0.1,11,1,0,0.0,2.0,0.001003265380859375,0.0,0.0020008087158203125,0.0,0.003002166748046875,0.0,0.00099945068359375,0.0,2.0
306,10,0.1,11,1,1,0.0,2.0,0.0,0.0,0.0035305023193359375,0.0,0.0029964447021484375,0.0,0.0,0.0,1.8
307,10,0.1,11,1,2,0.0,2.0,0.0,0.0,0.005001068115234375,0.0,0.00492095947265625,0.0,0.0,0.0,1.7
308,10,0.1,11,1,3,0.0,2.0,0.0,0.0,0.0070018768310546875,0.0,0.009748458862304688,0.0,0.0,0.0,1.9
309,10,0.1,11,1,4,6.0,5.0,0.0039958953857421875,2.0,0.020265579223632812,1.0,0.010000228881835938,0.0,0.0070171356201171875,0.0,2.5
310,10,0.1,11,1,5,0.0,3.0,0.0,0.0,0.0040760040283203125,0.0,0.0050296783447265625,0.0,0.0035152435302734375,0.0,1.5
311,10,0.1,11,1,6,0.0,1.0,0.0,0.0,0.0030078887939453125,0.0,0.009052276611328125,0.0,0.0,0.0,2.1
312,10,0.1,11,1,7,3.0,6.0,0.0,2.0,0.0,2.0,0.0046234130859375,2.0,0.009977340698242188,3.0,2.4
313,10,0.1,11,1,8,0.0,3.0,0.0,0.0,0.0,0.0,0.0,0.0,0.0,0.0,1.6
314,10,0.1,11,1,9,0.0,3.0,0.0,0.0,0.0046558380126953125,0.0,0.0,0.0,0.0,0.0,2.1
315,10,0.2,12,1,0,0.0,3.0,0.0,0.0,0.0,0.0,0.0,0.0,0.005123138427734375,0.0,2.1
316,10,0.2,12,1,1,2.0,3.0,0.007818222045898438,1.0,0.0,1.0,0.0050201416015625,0.0,0.0,0.0,2.1
317,10,0.2,12,1,2,0.0,2.0,0.0,0.0,0.0,0.0,0.0,0.0,0.0050182342529296875,0.0,1.6
318,10,0.2,12,1,3,2.0,5.0,0.0,1.0,0.003444671630859375,1.0,0.0066890716552734375,0.0,0.004627227783203125,0.0,2.1
319,10,0.2,12,1,4,2.0,4.0,0.0020160675048828125,1.0,0.0,1.0,0.015247344970703125,1.0,0.0052509307861328125,2.0,2.5
320,10,0.2,12,1,5,0.0,3.0,0.0,0.0,0.0016002655029296875,0.0,0.0,0.0,0.0,0.0,1.6
321,10,0.2,12,1,6,0.0,1.0,0.0,0.0,0.0050220489501953125,0.0,0.0,0.0,0.0,0.0,2.2
322,10,0.2,12,1,7,6.0,5.0,0.0050182342529296875,1.0,0.0117034912109375,1.0,0.0131378173828125,0.0,0.00506591796875,0.0,2.7
323,10,0.2,12,1,8,2.0,1.0,0.0,1.0,0.0050182342529296875,1.0,0.0039958953857421875,0.0,0.00099945068359375,0.0,1.5
324,10,0.2,12,1,9,0.0,3.0,0.0,0.0,0.0019969940185546875,0.0,0.0019989013671875,0.0,0.0,0.0,2.2
325,10,0.5,15,1,0,2.0,3.0,0.0,1.0,0.00653076171875,1.0,0.0050144195556640625,0.0,0.0,0.0,2.3
326,10,0.5,15,1,1,0.0,2.0,0.00501251220703125,0.0,0.001007080078125,0.0,0.0,0.0,0.0,0.0,2.3
327,10,0.5,15,1,2,0.0,1.0,0.0,0.0,0.005123138427734375,0.0,0.0,0.0,0.0,0.0,1.9
328,10,0.5,15,1,3,0.0,3.0,0.0,0.0,0.0,0.0,0.0050106048583984375,0.0,0.0,0.0,2.0
329,10,0.5,15,1,4,2.0,5.0,0.0047130584716796875,1.0,0.0,1.0,0.0,0.0,0.0,0.0,2.4
330,10,0.5,15,1,5,0.0,1.0,0.0,0.0,0.0,0.0,0.0050106048583984375,0.0,0.0,0.0,1.7
331,10,0.5,15,1,6,3.0,4.0,0.000110626220703125,1.0,0.007848739624023438,1.0,0.012121200561523438,0.0,0.0,0.0,2.3
332,10,0.5,15,1,7,2.0,4.0,0.0,1.0,0.005008697509765625,1.0,0.008138656616210938,1.0,0.0025119781494140625,2.0,2.7
333,10,0.5,15,1,8,0.0,2.0,0.0,0.0,0.0,0.0,0.0,0.0,0.0,0.0,1.9
334,10,0.5,15,1,9,0.0,3.0,0.0,0.0,0.00514984130859375,0.0,0.009136199951171875,0.0,0.0018711090087890625,0.0,2.5
335,20,0.1,22,1,0,0.0,4.0,0.0,0.0,0.011089324951171875,0.0,0.0050449371337890625,0.0,0.0,0.0,1.9
336,20,0.1,22,1,1,5.0,7.0,0.00501251220703125,1.0,0.011951446533203125,1.0,0.0,0.0,0.0052089691162109375,0.0,2.15
337,20,0.1,22,1,2,0.0,5.0,0.0,0.0,0.0,0.0,0.0,0.0,0.0,0.0,1.75
338,20,0.1,22,1,3,2.0,7.0,0.005016326904296875,1.0,0.0050144195556640625,1.0,0.0060329437255859375,1.0,0.0,2.0,2.0
339,20,0.1,22,1,4,0.0,9.0,0.0,0.0,0.0147247314453125,0.0,0.020189285278320312,0.0,0.005016326904296875,0.0,2.15
340,20,0.1,22,1,5,0.0,5.0,0.0,0.0,0.0,0.0,0.008020401000976562,0.0,0.0025157928466796875,0.0,1.75
341,20,0.1,22,1,6,0.0,6.0,0.0010013580322265625,0.0,0.01599884033203125,0.0,0.0149993896484375,0.0,0.0010013580322265625,0.0,2.05
342,20,0.1,22,1,7,0.0,8.0,0.001033782958984375,0.0,0.014484405517578125,0.0,0.017574310302734375,0.0,0.001110076904296875,0.0,2.35
343,20,0.1,22,1,8,0.0,6.0,0.0,0.0,0.0034046173095703125,0.0,0.0030307769775390625,0.0,0.0010051727294921875,0.0,1.95
344,20,0.1,22,1,9,2.0,8.0,0.0037937164306640625,1.0,0.014795303344726562,1.0,0.018169403076171875,1.0,0.0,2.0,2.2
345,20,0.2,24,1,0,0.0,7.0,0.0,0.0,0.018228530883789062,0.0,0.0119781494140625,0.0,0.00099945068359375,0.0,2.05
346,20,0.2,24,1,1,2.0,6.0,0.00653839111328125,2.0,0.02301025390625,2.0,0.01955413818359375,0.0,0.00415802001953125,0.0,2.05
347,20,0.2,24,1,2,0.0,4.0,0.0,0.0,0.0048999786376953125,0.0,0.0061435699462890625,0.0,0.0019989013671875,0.0,1.85
348,20,0.2,24,1,3,0.0,6.0,0.0,0.0,0.007999420166015625,0.0,0.0040111541748046875,0.0,0.0009975433349609375,0.0,2.0
349,20,0.2,24,1,4,3.0,8.0,0.0039997100830078125,2.0,0.01200103759765625,1.0,0.013010025024414062,0.0,0.0030002593994140625,0.0,2.2
350,20,0.2,24,1,5,0.0,5.0,0.00099945068359375,0.0,0.0039997100830078125,0.0,0.0039958953857421875,0.0,0.00099945068359375,0.0,1.8
351,20,0.2,24,1,6,3.0,7.0,0.0039997100830078125,1.0,0.014165878295898438,1.0,0.012029647827148438,1.0,0.0029926300048828125,3.0,2.15
352,20,0.2,24,1,7,4.0,9.0,0.0075435638427734375,2.0,0.026882171630859375,1.0,0.017993927001953125,0.0,0.003002166748046875,0.0,2.35
353,20,0.2,24,1,8,0.0,4.0,0.00099945068359375,0.0,0.0049114227294921875,0.0,0.015035629272460938,0.0,0.004009246826171875,0.0,2.0
354,20,0.2,24,1,9,3.0,9.0,0.00601959228515625,2.0,0.03134918212890625,2.0,0.026826858520507812,1.0,0.0101165771484375,2.0,2.4
355,20,0.5,30,1,0,0.0,4.0,0.0,0.0,0.004657745361328125,0.0,0.0012226104736328125,0.0,0.0,0.0,2.1
356,20,0.5,30,1,1,0.0,6.0,0.0,0.0,0.0050067901611328125,0.0,0.00251007080078125,0.0,0.0,0.0,2.3
357,20,0.5,30,1,2,0.0,5.0,0.0,0.0,0.0,0.0,0.0015964508056640625,0.0,0.0,0.0,1.95
358,20,0.5,30,1,3,0.0,4.0,0.0,0.0,0.0037937164306640625,0.0,0.0,0.0,0.0,0.0,2.2
359,20,0.5,30,1,4,0.0,5.0,0.0,0.0,0.010606765747070312,0.0,0.00557708740234375,0.0,0.0010013580322265625,0.0,2.35
360,20,0.5,30,1,5,0.0,3.0,0.0,0.0,0.0060749053955078125,0.0,0.005462646484375,0.0,0.0,0.0,2.0
361,20,0.5,30,1,6,0.0,5.0,0.0,0.0,0.00998687744140625,0.0,0.0096588134765625,0.0,0.008832931518554688,0.0,2.25
362,20,0.5,30,1,7,0.0,6.0,0.0,0.0,0.0,0.0,0.0045528411865234375,0.0,0.0,0.0,2.35
363,20,0.5,30,1,8,0.0,3.0,0.0,0.0,0.0025081634521484375,0.0,0.0,0.0,0.0,0.0,2.05
364,20,0.5,30,1,9,2.0,6.0,0.0050411224365234375,1.0,0.00968170166015625,1.0,0.012340545654296875,0.0,0.0,0.0,2.3
365,30,0.1,33,1,0,0.0,10.0,0.0,0.0,0.005023956298828125,0.0,0.0056476593017578125,0.0,0.00504302978515625,0.0,1.7333333333333334
366,30,0.1,33,1,1,0.0,8.0,0.0040111541748046875,0.0,0.0067291259765625,0.0,0.035152435302734375,0.0,0.004009246826171875,0.0,2.2333333333333334
367,30,0.1,33,1,2,0.0,8.0,0.0,0.0,0.029886245727539062,0.0,0.019908905029296875,0.0,0.0,0.0,1.9666666666666666
368,30,0.1,33,1,3,2.0,9.0,0.0,1.0,0.029754638671875,1.0,0.023630142211914062,0.0,0.0051937103271484375,0.0,1.9666666666666666
369,30,0.1,33,1,4,3.0,14.0,0.005138397216796875,1.0,0.015689849853515625,1.0,0.01158905029296875,1.0,0.010156631469726562,3.0,2.066666666666667
370,30,0.1,33,1,5,2.0,9.0,0.0050067901611328125,1.0,0.010015487670898438,1.0,0.009126663208007812,1.0,0.0040111541748046875,2.0,1.9
371,30,0.1,33,1,6,2.0,8.0,0.0072803497314453125,2.0,0.024801254272460938,2.0,0.025112152099609375,0.0,0.0051097869873046875,0.0,2.1
372,30,0.1,33,1,7,2.0,10.0,0.010168075561523438,1.0,0.04984092712402344,1.0,0.029247283935546875,1.0,0.005008697509765625,2.0,2.2666666666666666
373,30,0.1,33,1,8,0.0,7.0,0.0,0.0,0.0051136016845703125,0.0,0.0066127777099609375,0.0,0.005340576171875,0.0,1.9333333333333333
374,30,0.1,33,1,9,5.0,14.0,0.0050106048583984375,2.0,0.027904510498046875,1.0,0.024494171142578125,1.0,0.010423660278320312,2.0,2.1666666666666665
375,30,0.2,36,1,0,0.0,5.0,0.001003265380859375,0.0,0.004520416259765625,0.0,0.006908416748046875,0.0,0.0019969940185546875,0.0,1.8333333333333333
376,30,0.2,36,1,1,2.0,10.0,0.0069713592529296875,1.0,0.028535842895507812,1.0,0.028141021728515625,0.0,0.0059986114501953125,0.0,2.4
377,30,0.2,36,1,2,0.0,5.0,0.0,0.0,0.0,0.0,0.0046291351318359375,0.0,0.0,0.0,1.8666666666666667
378,30,0.2,36,1,3,3.0,10.0,0.0050106048583984375,1.0,0.010187149047851562,1.0,0.010118484497070312,0.0,0.0,0.0,2.066666666666667
379,30,0.2,36,1,4,2.0,11.0,0.009168624877929688,1.0,0.022192001342773438,1.0,0.020009994506835938,0.0,0.00501251220703125,0.0,2.1666666666666665
380,30,0.2,36,1,5,2.0,7.0,0.0060272216796875,1.0,0.022661209106445312,1.0,0.006916046142578125,0.0,0.00093841552734375,0.0,1.8333333333333333
381,30,0.2,36,1,6,0.0,7.0,0.0,0.0,0.02500152587890625,0.0,0.025485992431640625,0.0,0.001995086669921875,0.0,2.1333333333333333
382,30,0.2,36,1,7,10.0,17.0,0.008058547973632812,3.0,0.09314727783203125,2.0,0.046245574951171875,0.0,0.020360946655273438,0.0,2.533333333333333
383,30,0.2,36,1,8,0.0,8.0,0.0,0.0,0.0,0.0,0.016733169555664062,0.0,0.00527191162109375,0.0,2.033333333333333
384,30,0.2,36,1,9,2.0,11.0,0.0051593780517578125,2.0,0.0064067840576171875,2.0,0.022584915161132812,1.0,0.009695053100585938,2.0,2.2666666666666666
385,30,0.5,45,1,0,0.0,6.0,0.000980377197265625,0.0,0.0040073394775390625,0.0,0.0119781494140625,0.0,0.0,0.0,2.1
386,30,0.5,45,1,1,5.0,8.0,0.010120391845703125,2.0,0.009958267211914062,2.0,0.0051136016845703125,0.0,0.0,0.0,2.5
387,30,0.5,45,1,2,0.0,5.0,0.0,0.0,0.00823211669921875,0.0,0.01021575927734375,0.0,0.0036449432373046875,0.0,2.1
388,30,0.5,45,1,3,0.0,8.0,0.0,0.0,0.0051021575927734375,0.0,0.002117156982421875,0.0,0.000591278076171875,0.0,2.3
389,30,0.5,45,1,4,0.0,14.0,0.0,0.0,0.004718780517578125,0.0,0.0,0.0,0.0009975433349609375,0.0,2.3
390,30,0.5,45,1,5,0.0,6.0,0.0010280609130859375,0.0,0.0039043426513671875,0.0,0.00399017333984375,0.0,0.000972747802734375,0.0,2.1333333333333333
391,30,0.5,45,1,6,0.0,9.0,0.0009975433349609375,0.0,0.0059967041015625,0.0,0.00604248046875,0.0,0.003993988037109375,0.0,2.2666666666666666
392,30,0.5,45,1,7,0.0,13.0,0.0009708404541015625,0.0,0.019048690795898438,0.0,0.029010772705078125,0.0,0.0019989013671875,0.0,2.6
393,30,0.5,45,1,8,0.0,4.0,0.0,0.0,0.005035400390625,0.0,0.009721755981445312,0.0,0.0037631988525390625,0.0,2.2
394,30,0.5,45,1,9,0.0,8.0,0.0,0.0,0.00510406494140625,0.0,0.010267257690429688,0.0,0.0,0.0,2.3333333333333335
395,40,0.1,44,1,0,2.0,10.0,0.013010025024414062,1.0,0.06316566467285156,1.0,0.04862403869628906,1.0,0.008893966674804688,2.0,1.85
396,40,0.1,44,1,1,5.0,14.0,0.0068759918212890625,1.0,0.019084930419921875,1.0,0.03031158447265625,0.0,0.0075244903564453125,0.0,2.1
397,40,0.1,44,1,2,0.0,13.0,0.0009975433349609375,0.0,0.008008956909179688,0.0,0.0060634613037109375,0.0,0.0050220489501953125,0.0,1.9
398,40,0.1,44,1,3,0.0,13.0,0.0009975433349609375,0.0,0.04428672790527344,0.0,0.040149688720703125,0.0,0.0046825408935546875,0.0,1.9
399,40,0.1,44,1,4,4.0,14.0,0.0071315765380859375,1.0,0.027837753295898438,1.0,0.022228240966796875,0.0,0.0072917938232421875,0.0,2.025
400,40,0.1,44,1,5,2.0,13.0,0.0050201416015625,1.0,0.012966156005859375,1.0,0.009899139404296875,0.0,0.0,0.0,1.9
401,40,0.1,44,1,6,4.0,11.0,0.008340835571289062,2.0,0.053436279296875,2.0,0.046886444091796875,1.0,0.01399993896484375,2.0,1.95
402,40,0.1,44,1,7,0.0,21.0,0.00106048583984375,0.0,0.022260665893554688,0.0,0.025545120239257812,0.0,0.0051364898681640625,0.0,2.275
403,40,0.1,44,1,8,0.0,14.0,0.001003265380859375,0.0,0.0100555419921875,0.0,0.011249542236328125,0.0,0.0041065216064453125,0.0,2.0
404,40,0.1,44,1,9,5.0,15.0,0.008007049560546875,1.0,0.06220245361328125,1.0,0.061962127685546875,0.0,0.008306503295898438,0.0,2.25
405,40,0.1,44,2,0,13.0,18.0,0.015092849731445312,3.0,0.1613292694091797,1.0,0.24502944946289062,1.0,0.03141593933105469,3.0,2.8
406,40,0.1,44,2,1,15.0,25.0,0.020998001098632812,4.0,2.5064163208007812,3.0,2.197467803955078,1.0,0.3896770477294922,11.0,3.025
407,40,0.1,44,2,2,18.0,24.0,0.011709213256835938,2.0,0.09221076965332031,1.0,0.12000083923339844,1.0,0.012720108032226562,18.0,2.65
408,40,0.1,44,2,3,10.0,17.0,0.006984710693359375,2.0,0.08801841735839844,1.0,0.05915260314941406,0.0,0.06350898742675781,0.0,2.675
409,40,0.1,44,2,4,16.0,21.0,0.030660629272460938,2.0,0.7057571411132812,2.0,11.743280410766602,2.0,47.34779357910156,12.0,3.05
410,40,0.1,44,2,5,14.0,20.0,0.010105133056640625,1.0,0.3722209930419922,1.0,0.4653205871582031,1.0,0.5496826171875,2.0,2.8
411,40,0.1,44,2,6,22.0,20.0,0.05999565124511719,3.0,0.6286029815673828,2.0,1.9046783447265625,1.0,11.941654205322266,5.0,2.925
412,40,0.1,44,2,7,32.0,24.0,0.5523109436035156,5.0,10.326148986816406,2.0,15.625402450561523,1.0,100.01727485656738,999.0,3.25
413,40,0.1,44,2,8,2.0,18.0,0.009004592895507812,1.0,0.6517543792724609,1.0,0.23024368286132812,0.0,0.01970672607421875,0.0,3.0
414,40,0.1,44,2,9,23.0,26.0,0.029939651489257812,4.0,1.7803268432617188,3.0,0.3213233947753906,1.0,0.12119483947753906,2.0,3.15
415,40,0.2,48,1,0,0.0,13.0,0.0,0.0,0.010797500610351562,0.0,0.0058231353759765625,0.0,0.0,0.0,1.95
416,40,0.2,48,1,1,0.0,13.0,0.0,0.0,0.04277610778808594,0.0,0.05010986328125,0.0,0.005603790283203125,0.0,2.225
417,40,0.2,48,1,2,0.0,18.0,0.0,0.0,0.005199432373046875,0.0,0.0,0.0,0.0,0.0,1.975
418,40,0.2,48,1,3,0.0,11.0,0.0,0.0,0.025209426879882812,0.0,0.009784698486328125,0.0,0.0045948028564453125,0.0,1.95
419,40,0.2,48,1,4,5.0,16.0,0.0035400390625,1.0,0.008270263671875,1.0,0.01406097412109375,0.0,0.014556884765625,0.0,2.075
420,40,0.2,48,1,5,0.0,13.0,0.00099945068359375,0.0,0.013006210327148438,0.0,0.013973236083984375,0.0,0.0029926300048828125,0.0,1.95
421,40,0.2,48,1,6,0.0,14.0,0.0020008087158203125,0.0,0.010961532592773438,0.0,0.01221466064453125,0.0,0.003002166748046875,0.0,2.05
422,40,0.2,48,1,7,3.0,17.0,0.006000518798828125,1.0,0.04598236083984375,1.0,0.014543533325195312,1.0,0.010854721069335938,3.0,2.25
423,40,0.2,48,1,8,3.0,9.0,0.00560760498046875,1.0,0.037899017333984375,1.0,0.024755477905273438,0.0,0.003604888916015625,0.0,2.05
424,40,0.2,48,1,9,0.0,14.0,0.0,0.0,0.04142951965332031,0.0,0.014585494995117188,0.0,0.005126953125,0.0,2.25
425,40,0.2,48,2,0,13.0,22.0,0.018909454345703125,2.0,0.2609214782714844,2.0,0.08150672912597656,0.0,0.024982452392578125,0.0,2.825
426,40,0.2,48,2,1,11.0,23.0,0.012073516845703125,3.0,0.23189926147460938,2.0,1.2933235168457031,1.0,1.076211929321289,3.0,3.025
427,40,0.2,48,2,2,5.0,20.0,0.0026702880859375,1.0,0.10013008117675781,1.0,0.19086265563964844,0.0,0.0245819091796875,0.0,2.575
428,40,0.2,48,2,3,3.0,19.0,0.01097869873046875,2.0,0.08283805847167969,2.0,0.10912322998046875,0.0,0.010053634643554688,0.0,2.675
429,40,0.2,48,2,4,11.0,21.0,0.012983322143554688,3.0,0.12942886352539062,2.0,0.2748603820800781,1.0,0.1645069122314453,4.0,3.05
430,40,0.2,48,2,5,6.0,20.0,0.004917144775390625,2.0,0.030153274536132812,1.0,0.10921287536621094,0.0,0.1217193603515625,0.0,2.8
431,40,0.2,48,2,6,14.0,23.0,0.01238250732421875,3.0,0.12191390991210938,2.0,0.13718795776367188,0.0,0.07287406921386719,0.0,2.9
432,40,0.2,48,2,7,23.0,21.0,0.030107498168945312,3.0,0.5481357574462891,2.0,0.46616172790527344,0.0,0.15428543090820312,0.0,3.275
433,40,0.2,48,2,8,7.0,18.0,0.010959625244140625,4.0,1.463897705078125,2.0,0.6298294067382812,1.0,0.031194686889648438,2.0,3.075
434,40,0.2,48,2,9,12.0,18.0,0.01564788818359375,4.0,1.0480937957763672,4.0,0.5445098876953125,1.0,0.0848846435546875,2.0,3.15
435,40,0.5,60,1,0,0.0,11.0,0.0,0.0,0.0045108795166015625,0.0,0.008275985717773438,0.0,0.0,0.0,2.05
436,40,0.5,60,1,1,0.0,13.0,0.0,0.0,0.022327423095703125,0.0,0.010236740112304688,0.0,0.0033435821533203125,0.0,2.3
437,40,0.5,60,1,2,5.0,13.0,0.0047588348388671875,1.0,0.00811767578125,1.0,0.010194778442382812,0.0,0.0,0.0,2.2
438,40,0.5,60,1,3,0.0,7.0,0.00502777099609375,0.0,0.022823333740234375,0.0,0.005992889404296875,0.0,0.0019702911376953125,0.0,2.1
439,40,0.5,60,1,4,0.0,14.0,0.0019989013671875,0.0,0.010034561157226562,0.0,0.010000228881835938,0.0,0.0020008087158203125,0.0,2.2
440,40,0.5,60,1,5,2.0,10.0,0.0050067901611328125,1.0,0.011631011962890625,1.0,0.0051021575927734375,0.0,0.00504302978515625,0.0,2.15
441,40,0.5,60,1,6,0.0,8.0,0.0,0.0,0.0047512054443359375,0.0,0.024824142456054688,0.0,0.0,0.0,2.25
442,40,0.5,60,1,7,2.0,17.0,0.00522613525390625,1.0,0.031023025512695312,1.0,0.021961212158203125,0.0,0.00751495361328125,0.0,2.425
443,40,0.5,60,1,8,0.0,9.0,0.0,0.0,0.009675979614257812,0.0,0.005054473876953125,0.0,0.00283050537109375,0.0,2.275
444,40,0.5,60,1,9,4.0,15.0,0.005100250244140625,2.0,0.04489898681640625,1.0,0.03502464294433594,0.0,0.0030002593994140625,0.0,2.55
445,40,0.5,60,2,0,9.0,18.0,0.01036834716796875,2.0,0.07375335693359375,2.0,0.04763031005859375,0.0,0.0059986114501953125,0.0,2.85
446,40,0.5,60,2,1,2.0,21.0,0.007944107055664062,1.0,0.044704437255859375,1.0,0.11417579650878906,0.0,0.014986038208007812,0.0,3.2
447,40,0.5,60,2,2,0.0,16.0,0.00099945068359375,0.0,0.030910491943359375,0.0,0.0267486572265625,0.0,0.010023117065429688,0.0,2.7
448,40,0.5,60,2,3,8.0,18.0,0.006999969482421875,1.0,0.05784416198730469,1.0,0.0410003662109375,0.0,0.0069141387939453125,0.0,2.8
449,40,0.5,60,2,4,4.0,21.0,0.0070133209228515625,2.0,0.087127685546875,2.0,0.04497718811035156,0.0,0.0042476654052734375,0.0,3.175
450,40,0.5,60,2,5,2.0,18.0,0.010110855102539062,1.0,0.05164527893066406,1.0,0.12928199768066406,0.0,0.009998321533203125,0.0,2.95
451,40,0.5,60,2,6,7.0,19.0,0.017551422119140625,2.0,0.061244964599609375,2.0,0.08502578735351562,0.0,0.03748512268066406,0.0,3.05
452,40,0.5,60,2,7,22.0,22.0,0.0350189208984375,3.0,0.14874649047851562,1.0,0.22492408752441406,0.0,0.014001846313476562,0.0,3.425
453,40,0.5,60,2,8,0.0,18.0,0.001079559326171875,0.0,0.027894973754882812,0.0,0.09515571594238281,0.0,0.0029850006103515625,0.0,3.2
454,40,0.5,60,2,9,6.0,21.0,0.00997161865234375,2.0,0.09728813171386719,1.0,0.059902191162109375,1.0,0.012907028198242188,3.0,3.275
455,50,0.1,55,1,0,4.0,15.0,0.008020401000976562,1.0,0.013881683349609375,1.0,0.04428291320800781,0.0,0.017118453979492188,0.0,1.86
456,50,0.1,55,1,1,5.0,17.0,0.013978958129882812,2.0,0.07901763916015625,1.0,0.06640434265136719,0.0,0.01617431640625,0.0,2.06
457,50,0.1,55,1,2,0.0,13.0,0.00189971923828125,0.0,0.07157135009765625,0.0,0.06989669799804688,0.0,0.0050067901611328125,0.0,1.86
458,50,0.1,55,1,3,0.0,16.0,0.000980377197265625,0.0,0.04997444152832031,0.0,0.03985404968261719,0.0,0.0029811859130859375,0.0,1.94
459,50,0.1,55,1,4,0.0,18.0,0.0020503997802734375,0.0,0.018909454345703125,0.0,0.022064208984375,0.0,0.003887176513671875,0.0,2.08
460,50,0.1,55,1,5,3.0,17.0,0.00708770751953125,2.0,0.05599212646484375,2.0,0.04943275451660156,1.0,0.01200103759765625,3.0,1.86
461,50,0.1,55,1,6,2.0,18.0,0.0070018768310546875,1.0,0.030984878540039062,1.0,0.031005859375,1.0,0.012952804565429688,2.0,2.0
462,50,0.1,55,1,7,0.0,19.0,0.001018524169921875,0.0,0.04810523986816406,0.0,0.05428314208984375,0.0,0.00400543212890625,0.0,2.22
463,50,0.1,55,1,8,0.0,13.0,0.001003265380859375,0.0,0.020174026489257812,0.0,0.02127838134765625,0.0,0.0029773712158203125,0.0,1.96
464,50,0.1,55,1,9,6.0,22.0,0.012012481689453125,3.0,0.11629104614257812,3.0,0.08621597290039062,1.0,0.018293380737304688,2.0,2.26
465,50,0.1,55,2,0,19.0,24.0,0.027887344360351562,3.0,0.2820014953613281,1.0,0.22229957580566406,0.0,0.030666351318359375,0.0,2.7
466,50,0.1,55,2,1,24.0,29.0,0.043857574462890625,4.0,1.096090316772461,2.0,0.6952476501464844,1.0,0.8376789093017578,4.0,2.92
467,50,0.1,55,2,2,15.0,24.0,0.02105712890625,3.0,0.13525009155273438,2.0,0.2701377868652344,1.0,0.14948654174804688,2.0,2.62
468,50,0.1,55,2,3,32.0,27.0,0.0166168212890625,5.0,0.420013427734375,2.0,0.18958091735839844,0.0,0.19054031372070312,0.0,2.66
469,50,0.1,55,2,4,33.0,30.0,0.6391334533691406,5.0,15.323640823364258,4.0,3.2951831817626953,2.0,16.5616455078125,4.0,3.0
470,50,0.1,55,2,5,22.0,23.0,0.1348400115966797,4.0,2.7895641326904297,3.0,3.3498172760009766,2.0,0.8217086791992188,14.0,2.82
471,50,0.1,55,2,6,22.0,28.0,0.0371856689453125,3.0,0.6589183807373047,2.0,0.34873390197753906,0.0,0.0498504638671875,0.0,2.82
472,50,0.1,55,2,7,23.0,32.0,0.06006431579589844,5.0,5.479942321777344,3.0,8.408329010009766,2.0,79.5187873840332,10.0,3.24
473,50,0.1,55,2,8,7.0,27.0,0.009721755981445312,2.0,0.24639892578125,2.0,3.7849063873291016,1.0,5.838155746459961,2.0,3.12
474,50,0.1,55,2,9,26.0,32.0,0.036190032958984375,4.0,4.977878570556641,3.0,1.6751956939697266,1.0,0.5498828887939453,2.0,3.12
475,50,0.2,60,1,0,3.0,19.0,0.010128021240234375,2.0,0.03946876525878906,2.0,0.013889312744140625,0.0,0.012620925903320312,0.0,1.94
476,50,0.2,60,1,1,2.0,20.0,0.0077686309814453125,1.0,0.014360427856445312,1.0,0.015066146850585938,0.0,0.009717941284179688,0.0,2.1
477,50,0.2,60,1,2,0.0,15.0,0.0100555419921875,0.0,0.010141372680664062,0.0,0.04365730285644531,0.0,0.008207321166992188,0.0,1.92
478,50,0.2,60,1,3,0.0,16.0,0.0,0.0,0.010629653930664062,0.0,0.01482391357421875,0.0,0.010126113891601562,0.0,2.04
479,50,0.2,60,1,4,3.0,18.0,0.009944915771484375,1.0,0.009748458862304688,1.0,0.040008544921875,0.0,0.009677886962890625,0.0,2.14
480,50,0.2,60,1,5,2.0,15.0,0.0043048858642578125,1.0,0.04202079772949219,1.0,0.03992271423339844,0.0,0.009185791015625,0.0,1.92
481,50,0.2,60,1,6,3.0,15.0,0.011936187744140625,1.0,0.015218734741210938,1.0,0.019964218139648438,0.0,0.0,0.0,2.04
482,50,0.2,60,1,7,0.0,19.0,0.0,0.0,0.04979515075683594,0.0,0.039432525634765625,0.0,0.010639190673828125,0.0,2.3
483,50,0.2,60,1,8,3.0,14.0,0.009624481201171875,1.0,0.024791717529296875,1.0,0.03978729248046875,0.0,0.0,0.0,2.02
484,50,0.2,60,1,9,13.0,19.0,0.009702682495117188,1.0,0.06379890441894531,1.0,0.08473014831542969,0.0,0.03229522705078125,0.0,2.32
485,50,0.2,60,2,0,13.0,23.0,0.0195465087890625,3.0,0.4672870635986328,3.0,0.26788330078125,0.0,0.035266876220703125,0.0,2.8
486,50,0.2,60,2,1,16.0,28.0,0.012819290161132812,2.0,0.22597694396972656,2.0,0.26492881774902344,0.0,0.20014572143554688,0.0,2.98
487,50,0.2,60,2,2,3.0,22.0,0.009922027587890625,2.0,0.05381011962890625,1.0,0.03992652893066406,0.0,0.013109207153320312,0.0,2.6
488,50,0.2,60,2,3,19.0,23.0,0.016916275024414062,2.0,0.34545135498046875,1.0,0.06469917297363281,0.0,0.06359291076660156,0.0,2.7
489,50,0.2,60,2,4,26.0,26.0,0.03412437438964844,3.0,0.9698162078857422,2.0,1.8873138427734375,1.0,53.15143585205078,2.0,3.08
490,50,0.2,60,2,5,16.0,26.0,0.024534225463867188,3.0,0.5267219543457031,2.0,0.6596317291259766,1.0,2.334787368774414,5.0,2.78
491,50,0.2,60,2,6,21.0,30.0,0.01607513427734375,3.0,0.3897247314453125,2.0,0.2652111053466797,0.0,0.10026168823242188,0.0,2.92
492,50,0.2,60,2,7,18.0,27.0,0.023733139038085938,5.0,0.4704723358154297,2.0,1.8188495635986328,0.0,0.24921035766601562,0.0,3.22
493,50,0.2,60,2,8,25.0,20.0,0.08677864074707031,3.0,1.9618911743164062,3.0,12.909833908081055,1.0,100.32165718078613,999.0,3.14
494,50,0.2,60,2,9,35.0,35.0,1.674530029296875,5.0,12.72909164428711,3.0,6.336147308349609,1.0,100.6955795288086,999.0,3.24
495,50,0.5,75,1,0,2.0,9.0,0.0063076019287109375,1.0,0.054912567138671875,1.0,0.047763824462890625,1.0,0.015546798706054688,2.0,2.12
496,50,0.5,75,1,1,3.0,14.0,0.012639999389648438,1.0,0.024766921997070312,1.0,0.010959625244140625,0.0,0.0,0.0,2.24
497,50,0.5,75,1,2,0.0,13.0,0.0,0.0,0.009738922119140625,0.0,0.0137786865234375,0.0,0.0106658935546875,0.0,2.12
498,50,0.5,75,1,3,3.0,13.0,0.010189056396484375,1.0,0.07587242126464844,1.0,0.068450927734375,0.0,0.008188247680664062,0.0,2.24
499,50,0.5,75,1,4,3.0,12.0,0.009090423583984375,1.0,0.022747039794921875,1.0,0.05007743835449219,0.0,0.0048065185546875,0.0,2.3
500,50,0.5,75,1,5,2.0,12.0,0.0131072998046875,1.0,0.04973030090332031,1.0,0.03507423400878906,0.0,0.001644134521484375,0.0,2.1
501,50,0.5,75,1,6,0.0,16.0,0.0,0.0,0.010196685791015625,0.0,0.02715301513671875,0.0,0.0,0.0,2.24
502,50,0.5,75,1,7,0.0,14.0,0.0,0.0,0.06953048706054688,0.0,0.04877281188964844,0.0,0.00553131103515625,0.0,2.34
503,50,0.5,75,1,8,0.0,11.0,0.0,0.0,0.0153961181640625,0.0,0.0201416015625,0.0,0.015302658081054688,0.0,2.24
504,50,0.5,75,1,9,2.0,13.0,0.008539199829101562,1.0,0.013088226318359375,1.0,0.014980316162109375,0.0,0.00922393798828125,0.0,2.38
505,50,0.5,75,2,0,0.0,21.0,0.006038665771484375,0.0,0.05020332336425781,0.0,0.04334831237792969,0.0,0.012941360473632812,0.0,2.86
506,50,0.5,75,2,1,5.0,22.0,0.010156631469726562,4.0,0.04779243469238281,2.0,0.05661201477050781,0.0,0.025957107543945312,0.0,3.06
507,50,0.5,75,2,2,3.0,14.0,0.014835357666015625,1.0,0.07242012023925781,1.0,0.07476234436035156,0.0,0.015125274658203125,0.0,2.8
508,50,0.5,75,2,3,4.0,22.0,0.015766143798828125,2.0,0.026155471801757812,2.0,0.02475738525390625,0.0,0.010728836059570312,0.0,2.78
509,50,0.5,75,2,4,3.0,22.0,0.009922027587890625,1.0,0.06505012512207031,1.0,0.096343994140625,0.0,0.028039932250976562,0.0,3.08
510,50,0.5,75,2,5,4.0,21.0,0.008111953735351562,1.0,0.0784149169921875,1.0,0.07510185241699219,0.0,0.014837265014648438,0.0,2.96
511,50,0.5,75,2,6,12.0,20.0,0.013204574584960938,3.0,0.16631317138671875,2.0,0.0902557373046875,0.0,0.02423858642578125,0.0,3.0
512,50,0.5,75,2,7,13.0,25.0,0.014055252075195312,3.0,0.22621536254882812,2.0,0.030084609985351562,0.0,0.0202789306640625,0.0,3.3
513,50,0.5,75,2,8,5.0,20.0,0.010593414306640625,2.0,0.09521102905273438,1.0,0.12335205078125,0.0,0.019575119018554688,0.0,3.28
514,50,0.5,75,2,9,2.0,24.0,0.009752273559570312,2.0,0.3198051452636719,2.0,0.3981132507324219,0.0,0.05984306335449219,0.0,3.28
515,40,0.1,44,3,0,32.0,24.0,4.920949935913086,6.0,100.36333084106445,5.0,100.11968040466309,3.0,5.395174026489258,25.0,3.45
516,40,0.1,44,3,1,31.0,27.0,8.074586868286133,6.0,103.20564842224121,6.0,101.65527725219727,4.0,100.06977653503418,999.0,4.025
517,40,0.1,44,3,2,26.0,22.0,0.2995338439941406,5.0,17.246379852294922,3.0,10.205095291137695,0.0,0.8999958038330078,0.0,3.625
518,40,0.1,44,3,3,27.0,25.0,0.3995819091796875,6.0,10.414466857910156,3.0,26.752710342407227,2.0,100.06770896911621,999.0,3.525
519,40,0.1,44,3,4,31.0,29.0,4.618114471435547,8.0,100.10606384277344,6.0,101.07608604431152,5.0,100.03840637207031,999.0,3.975
520,40,0.1,44,3,5,33.0,30.0,1.1496715545654297,7.0,100.0646915435791,4.0,100.12673759460449,4.0,100.38427352905273,999.0,3.725
521,40,0.1,44,3,6,33.0,29.0,3.968973159790039,7.0,100.62460708618164,4.0,106.6736831665039,6.0,100.3985710144043,999.0,3.825
522,40,0.1,44,3,7,35.0,32.0,7.7618865966796875,9.0,102.3808479309082,13.0,101.36991691589355,22.0,100.72355079650879,999.0,4.45
523,40,0.1,44,3,8,30.0,26.0,0.1477375030517578,8.0,80.61006164550781,4.0,100.11188888549805,3.0,100.7070541381836,999.0,3.875
524,40,0.1,44,3,9,38.0,28.0,100.0,999.0,103.2178726196289,13.0,105.06564712524414,20.0,100.37419319152832,999.0,4.025
525,50,0.1,55,3,0,35.0,31.0,2.8931941986083984,5.0,100.81984329223633,5.0,101.37400436401367,3.0,100.24544143676758,999.0,3.6
526,50,0.1,55,3,1,48.0,34.0,100.0,999.0,102.33160781860352,26.0,109.80670356750488,22.0,100.35626029968262,999.0,4.28
527,50,0.1,55,3,2,35.0,31.0,0.2472095489501953,8.0,26.22713851928711,4.0,100.20243453979492,2.0,100.07621765136719,999.0,3.72
528,50,0.1,55,3,3,41.0,29.0,12.465667724609375,6.0,100.47046089172363,4.0,101.19790840148926,2.0,100.51056480407715,999.0,3.58
529,50,0.1,55,3,4,38.0,32.0,18.06996726989746,8.0,101.26577568054199,7.0,102.6295394897461,20.0,100.10065078735352,999.0,3.88
530,50,0.1,55,3,5,44.0,30.0,2.5893516540527344,6.0,101.09518051147461,3.0,58.859779357910156,1.0,100.3283634185791,999.0,3.58
531,50,0.1,55,3,6,42.0,37.0,100.0,999.0,101.8957633972168,10.0,109.57627296447754,31.0,100.11142921447754,999.0,3.88
532,50,0.1,55,3,7,45.0,36.0,100.0,999.0,100.90058326721191,14.0,115.34420967102051,25.0,100.88965225219727,999.0,4.4
533,50,0.1,55,3,8,42.0,30.0,11.162887573242188,7.0,100.62455558776855,10.0,100.22041320800781,23.0,100.1248664855957,999.0,4.12
534,50,0.1,55,3,9,46.0,33.0,100.0,999.0,100.6331844329834,32.0,100.31147384643555,20.0,101.70544242858887,999.0,4.26
535,40,0.5,60,3,0,16.0,18.0,0.016355514526367188,6.0,0.2548503875732422,3.0,0.1610851287841797,0.0,0.015018463134765625,0.0,3.425
536,40,0.5,60,3,1,17.0,22.0,0.011098861694335938,3.0,0.762664794921875,3.0,0.38748741149902344,0.0,0.058013916015625,0.0,4.025
537,40,0.5,60,3,2,26.0,16.0,0.06144523620605469,5.0,0.8857059478759766,3.0,0.1226959228515625,0.0,0.10902786254882812,0.0,3.65
538,40,0.5,60,3,3,20.0,24.0,0.01399993896484375,3.0,0.07242965698242188,2.0,0.14208602905273438,0.0,0.06023216247558594,0.0,3.55
539,40,0.5,60,3,4,19.0,21.0,0.023305892944335938,3.0,2.512277603149414,3.0,1.3071918487548828,0.0,0.1700000762939453,0.0,4.1
540,40,0.5,60,3,5,23.0,25.0,0.021631240844726562,4.0,0.779571533203125,2.0,0.12030220031738281,0.0,0.01984405517578125,0.0,3.85
541,40,0.5,60,3,6,19.0,25.0,0.07234764099121094,4.0,1.1765403747558594,3.0,0.5463790893554688,0.0,0.11041450500488281,0.0,3.825
542,40,0.5,60,3,7,30.0,24.0,0.13489913940429688,5.0,100.02573585510254,5.0,1.6925296783447266,0.0,0.18917083740234375,0.0,4.55
543,40,0.5,60,3,8,19.0,20.0,0.0200042724609375,5.0,0.12743377685546875,2.0,0.11230087280273438,0.0,0.01619720458984375,0.0,3.975
544,40,0.5,60,3,9,20.0,25.0,0.0545806884765625,3.0,0.934356689453125,2.0,0.8550052642822266,0.0,0.015621185302734375,0.0,4.025
545,50,0.5,75,3,0,15.0,22.0,0.013986587524414062,2.0,0.22167396545410156,1.0,0.4712791442871094,0.0,0.09326553344726562,0.0,3.64
546,50,0.5,75,3,1,41.0,29.0,18.000825881958008,8.0,101.27130317687988,9.0,4.876592636108398,0.0,0.3797035217285156,0.0,4.46
547,50,0.5,75,3,2,32.0,24.0,0.0996551513671875,6.0,2.8425674438476562,3.0,0.25521087646484375,0.0,0.1909961700439453,0.0,3.8
548,50,0.5,75,3,3,0.0,21.0,0.0030975341796875,0.0,0.1981983184814453,0.0,0.13993453979492188,0.0,0.018289566040039062,0.0,3.58
549,50,0.5,75,3,4,37.0,30.0,0.66943359375,6.0,9.849723815917969,3.0,0.3651161193847656,0.0,0.07991790771484375,0.0,4.0
550,50,0.5,75,3,5,16.0,28.0,0.029870986938476562,4.0,0.3494873046875,3.0,0.3497657775878906,1.0,0.07970619201660156,2.0,3.64
551,50,0.5,75,3,6,35.0,30.0,1.0776958465576172,5.0,7.439821243286133,3.0,0.5276565551757812,0.0,0.069671630859375,0.0,3.92
552,50,0.5,75,3,7,26.0,31.0,0.08932685852050781,6.0,3.7863197326660156,3.0,3.2303409576416016,0.0,0.6968803405761719,0.0,4.46
553,50,0.5,75,3,8,36.0,27.0,0.6502494812011719,6.0,19.581708908081055,3.0,8.444774627685547,0.0,1.889984130859375,0.0,4.16
554,50,0.5,75,3,9,29.0,28.0,0.6699295043945312,7.0,100.0547103881836,5.0,4.002452850341797,0.0,0.3186912536621094,0.0,4.28
